Property Type,Year,AvgIndex
all,2011,1.014
all,2012,0.994
all,2013,1.067
all,2014,1.211
all,2015,1.292
all,2016,1.255
all,2017,1.293
all,2018,1.257
all,2019,1.16
all,2020,1.113
all,2021,1.113
all,2022,1.325
all,2023,1.501
all,2024,1.634
flat,2011,1.024
flat,2012,0.994
flat,2013,1.076
flat,2014,1.248
flat,2015,1.331
flat,2016,1.281
flat,2017,1.331
flat,2018,1.296
flat,2019,1.206
flat,2020,1.171
flat,2021,1.137
flat,2022,1.385
flat,2023,1.622
flat,2024,1.785
villa,2011,0.988
villa,2012,1.039
villa,2013,1.129
villa,2014,1.274
villa,2015,1.314
villa,2016,1.305
villa,2017,1.379
villa,2018,1.278
villa,2019,1.106
villa,2020,1.021
villa,2021,1.074
villa,2022,1.312
villa,2023,1.45
villa,2024,1.676
